{
	"frames": {
		"1.png": {
			"frame": {
				"x": 1,
				"y": 1,
				"w": 68,
				"h": 74
			},
			"rotated": false,
			"trimmed": false,
			"spriteSourceSize": {
				"x": 0,
				"y": 0,
				"w": 68,
				"h": 74
			},
			"sourceSize": {
				"w": 68,
				"h": 74
			}
		},
		"2.png": {
			"frame": {
				"x": 71,
				"y": 1,
				"w": 68,
				"h": 74
			},
			"rotated": false,
			"trimmed": false,
			"spriteSourceSize": {
				"x": 0,
				"y": 0,
				"w": 68,
				"h": 74
			},
			"sourceSize": {
				"w": 68,
				"h": 74
			}
		},
		"3.png": {
			"frame": {
				"x": 141,
				"y": 1,
				"w": 68,
				"h": 74
			},
			"rotated": false,
			"trimmed": false,
			"spriteSourceSize": {
				"x": 0,
				"y": 0,
				"w": 68,
				"h": 74
			},
			"sourceSize": {
				"w": 68,
				"h": 74
			}
		},
		"4.png": {
			"frame": {
				"x": 1,
				"y": 77,
				"w": 68,
				"h": 74
			},
			"rotated": false,
			"trimmed": false,
			"spriteSourceSize": {
				"x": 0,
				"y": 0,
				"w": 68,
				"h": 74
			},
			"sourceSize": {
				"w": 68,
				"h": 74
			}
		}
	},
	"meta": {
		"app": "http://www.codeandweb.com/texturepacker",
		"version": "1.0",
		"image": "spritesheet.png",
		"format": "RGBA8888",
		"size": {
			"w": 210,
			"h": 152
		},
		"scale": "1"
	}
}